pergunta,qtd_retries,em,ex,cs,ts,qas,sql_esperado,sql_final_executado
Existe correlação entre a prioridade da iniciativa e o progresso médio de seus OKRs?,1,0,0,0.9834,0.5000,0.7417,"SELECT i.priority, AVG(kr.progress / NULLIF(kr.target, 0)) AS avg_progress FROM initiative i JOIN okr ON okr.initiative_id = i.id JOIN kr ON kr.okr_id = okr.id GROUP BY i.priority ORDER BY i.priority;","SELECT i.priority, AVG(kh.progress / NULLIF(kh.target,0)) AS avg_progress FROM initiative i JOIN okr o ON i.id = o.initiative_id JOIN kr k ON o.id = k.okr_id JOIN kr_history kh ON k.id = kh.kr_id GROUP BY i.priority ORDER BY i.priority;"
Iniciativas com maior prioridade tendem a ter maior progresso médio nos OKRs?,0,0,0,0.9773,0.5000,0.7387,"SELECT i.priority, AVG(kr.progress / NULLIF(kr.target, 0)) AS avg_progress FROM initiative i JOIN okr ON okr.initiative_id = i.id JOIN kr ON kr.okr_id = okr.id GROUP BY i.priority ORDER BY i.priority;","SELECT i.priority, AVG(kh.progress / NULLIF(kh.target,0)) AS avg_progress FROM initiative i JOIN okr o ON i.id = o.initiative_id JOIN kr k ON o.id = k.okr_id JOIN kr_history kh ON k.id = kh.kr_id GROUP BY i.priority ORDER BY avg_progress DESC;"
Qual é a relação entre prioridade da iniciativa e o desempenho médio dos seus OKRs?,1,0,1,0.9773,1.0000,0.9886,"SELECT i.priority, AVG(kr.progress / NULLIF(kr.target, 0)) AS avg_progress FROM initiative i JOIN okr ON okr.initiative_id = i.id JOIN kr ON kr.okr_id = okr.id GROUP BY i.priority ORDER BY i.priority;","SELECT i.priority, AVG(k.progress / NULLIF(k.target,0)) AS avg_progress FROM initiative i JOIN okr o ON i.id = o.initiative_id JOIN kr k ON o.id = k.okr_id GROUP BY i.priority ORDER BY i.priority;"
Iniciativas de qual categoria têm maior taxa de conclusão de KRs?,0,0,0,0.8911,0.0625,0.4768,"SELECT i.category, CAST(SUM(CASE WHEN (k.direction = 'up'   AND k.progress / NULLIF(k.target,0) >= 1) OR (k.direction = 'down' AND k.progress / NULLIF(k.target,0) <= 1) THEN 1 ELSE 0 END) AS FLOAT) / COUNT(k.id) AS completion_rate FROM initiative i JOIN okr o ON i.id = o.initiative_id JOIN kr k ON o.id = k.okr_id GROUP BY i.category ORDER BY completion_rate DESC;","SELECT i.category, COUNT(k.id) AS num_krs, COUNT(CASE WHEN kh.progress / kh.target >= 1 THEN 1 ELSE NULL END) AS num_krs_concluded, ROUND(COUNT(CASE WHEN kh.progress / kh.target >= 1 THEN 1 ELSE NULL END) * 1.0 / COUNT(k.id), 2) AS completion_rate FROM initiative i JOIN okr o ON i.id = o.initiative_id JOIN kr k ON o.id = k.okr_id JOIN kr_history kh ON k.id = kh.kr_id GROUP BY i.category ORDER BY completion_rate DESC LIMIT 1;"
Qual categoria de iniciativa apresenta menor frequência de updates?,0,0,0,0.8395,0.1250,0.4822,"SELECT i.category, CAST(COUNT(iu.id) AS FLOAT) / COUNT(DISTINCT i.id) AS avg_updates_per_initiative FROM initiative i LEFT JOIN initiative_update iu ON i.id = iu.initiative_id GROUP BY i.category ORDER BY avg_updates_per_initiative ASC;","SELECT i.category, COUNT(*) as update_frequency FROM initiative_update iu JOIN initiative i ON iu.initiative_id = i.id GROUP BY i.category ORDER BY COUNT(*) ASC LIMIT 1"
Colaboradores com mais KRs favoritos têm desempenho melhor nos OKRs?,0,0,0,0.9066,0.0733,0.4900,"SELECT c.name, COUNT(k.id) AS total_bookmarked_krs, AVG(k.progress / NULLIF(k.target, 0)) AS avg_progress_of_bookmarked_krs FROM collaborator c JOIN kr k ON c.id = k.bookmarked_by_id GROUP BY c.id, c.name ORDER BY total_bookmarked_krs DESC;","SELECT c.name, AVG(kh.progress / NULLIF(kh.target,0)) AS avg_progress FROM collaborator c JOIN kr_history kh ON c.id = kh.collaborator_id JOIN kr k ON kh.kr_id = k.id JOIN okr o ON k.okr_id = o.id WHERE k.bookmarked = TRUE GROUP BY c.id, c.name ORDER BY AVG(kh.progress / NULLIF(kh.target,0)) DESC LIMIT 10;"
Há diferença de progresso médio entre KRs do tipo “YES_NO” e “NUMERIC”?,0,0,0,0.9237,0.6667,0.7952,"SELECT k.metric, AVG(k.progress / NULLIF(k.target, 0)) AS average_progress FROM kr k WHERE k.metric IN ('YES_NO', 'NUMERIC') GROUP BY k.metric;","SELECT metric, AVG(progress / NULLIF(target, 0)) AS avg_progress, COUNT(*) AS total_krs FROM kr WHERE metric IN ('YES_NO', 'NUMERIC') GROUP BY metric ORDER BY metric;"
Quais iniciativas concentram mais KRs com métrica percentual?,0,0,0,0.9105,0.1395,0.5250,"SELECT i.title, COUNT(k.id) AS total_percentage_krs FROM initiative i JOIN okr o ON i.id = o.initiative_id JOIN kr k ON o.id = k.okr_id WHERE k.metric = 'PERC' GROUP BY i.id, i.title ORDER BY total_percentage_krs DESC;","SELECT i.title, COUNT(k.id) AS num_krs FROM initiative i JOIN okr o ON i.id = o.initiative_id JOIN kr k ON o.id = k.okr_id WHERE k.metric = 'PERC' GROUP BY i.title ORDER BY num_krs DESC LIMIT 10;"
Qual a média de progresso dos OKRs de iniciativas de alta prioridade?,2,0,0,0.8768,,,"SELECT AVG(k.progress / NULLIF(k.target, 0)) AS average_okr_progress_high_priority FROM initiative i JOIN okr o ON i.id = o.initiative_id JOIN kr k ON o.id = k.okr_id WHERE i.priority = 1;",SELECT AVG(iu.highlights) AS avg_progress FROM initiative i JOIN initiative_update iu ON i.id = iu.initiative_id WHERE i.priority = 'high'
Qual o impacto dos updates de iniciativa no progresso dos KRs associados?,2,0,0,0.8211,,,"WITH normalized_history AS (SELECT kh.kr_id, kh.date, (kh.progress / NULLIF(k.target,0)) AS rel_progress, LAG(kh.progress / NULLIF(k.target,0)) OVER (PARTITION BY kh.kr_id ORDER BY kh.date) AS rel_before FROM kr_history kh JOIN kr k ON k.id = kh.kr_id), updates AS (SELECT initiative_id, created_date FROM initiative_update), link AS (SELECT nh.kr_id, nh.rel_progress, nh.rel_before, nh.date AS progress_date, (SELECT iu.created_date FROM initiative_update iu JOIN kr k ON iu.initiative_id = k.okr_id JOIN okr o ON k.okr_id = o.id WHERE iu.initiative_id = o.initiative_id AND iu.created_date < nh.date ORDER BY iu.created_date DESC LIMIT 1) AS last_update FROM normalized_history nh JOIN kr k ON nh.kr_id = k.id JOIN okr o ON k.okr_id = o.id) SELECT AVG(rel_progress - rel_before) AS avg_progress_change_after_update FROM link WHERE rel_before IS NOT NULL AND last_update IS NOT NULL;","SELECT iu.id, iu.initiative_id, iu.created_date, iu.brutal_facts, iu.next_steps, iu.year_month, AVG(kh.progress / NULLIF(kh.target,0)) AS avg_progress_before_update, AVG(kh2.progress / NULLIF(kh2.target,0)) AS avg_progress_after_update FROM initiative_update iu JOIN kr_history kh ON iu.initiative_id = kh.initiative_id JOIN kr k ON kh.kr_id = k.id JOIN kr_history kh2 ON iu.initiative_id = kh2.initiative_id AND kh2.date > iu.created_date JOIN kr k2 ON kh2.kr_id = k2.id WHERE iu.initiative_id IS NOT NULL GROUP BY iu.id, iu.initiative_id, iu.created_date, iu.brutal_facts, iu.next_steps, iu.year_month ORDER BY iu.created_date;"
Há aumento no ritmo de updates próximo aos deadlines dos OKRs?,1,0,0,0.8464,0.3694,0.6079,"SELECT o.id AS okr_id, o.deadline, SUM(CASE WHEN iu.created_date BETWEEN o.deadline - INTERVAL '30 days' AND o.deadline THEN 1 ELSE 0 END) AS updates_last_30_days, SUM(CASE WHEN iu.created_date < o.deadline - INTERVAL '30 days' THEN 1 ELSE 0 END) AS updates_before_30_days FROM okr o LEFT JOIN initiative_update iu ON iu.initiative_id = o.initiative_id AND iu.created_date <= o.deadline GROUP BY o.id, o.deadline ORDER BY o.deadline;","SELECT i.title, o.deadline, COUNT(*) as num_updates, SUM(CASE WHEN iu.last_modified_date > o.deadline - INTERVAL '7 days' THEN 1 ELSE 0 END) as recent_updates FROM initiative i JOIN okr o ON i.id = o.initiative_id JOIN initiative_update iu ON i.id = iu.initiative_id WHERE iu.last_modified_date > (SELECT MIN(last_modified_date) FROM initiative_update) GROUP BY i.title, o.deadline ORDER BY o.deadline;"
Qual é o alinhamento entre as datas de fim de iniciativa e deadlines de OKRs?,0,0,0,0.6937,0.0000,0.3469,"SELECT CASE WHEN o.deadline < i.end_date THEN 'OKR ANTES da Iniciativa' WHEN o.deadline = i.end_date THEN 'OKR e Iniciativa na MESMA DATA' WHEN o.deadline > i.end_date THEN 'OKR DEPOIS da Iniciativa' ELSE 'Sem data de fim para Iniciativa' END AS alinhamento, COUNT(o.id) AS total_okrs FROM okr o JOIN initiative i ON o.initiative_id = i.id GROUP BY alinhamento;","SELECT i.end_date, o.deadline, i.id FROM initiative i JOIN okr o ON i.id = o.initiative_id WHERE i.end_date = o.deadline ORDER BY i.id;"
Quantos OKRs estão diretamente vinculados a iniciativas prioritárias (por categoria) e quantos ainda não possuem ligação clara com uma iniciativa?,1,0,0,0.7775,0.0000,0.3888,"SELECT COALESCE(i.category, 'SEM INICIATIVA') AS category, COALESCE(i.priority, -1) AS priority, COUNT(o.id) AS okrs_count FROM okr o LEFT JOIN initiative i ON o.initiative_id = i.id GROUP BY category, priority ORDER BY category, priority;","SELECT COUNT(i.id) AS okrs_linked_to_priority_initiatives, COUNT(o.id) AS okrs_without_clear_link FROM okr o LEFT JOIN initiative i ON o.initiative_id = i.id WHERE i.priority = 1 GROUP BY i.priority;"
Quantas atualizações de iniciativas foram registradas neste trimestre e quais são os principais temas dos “highlights” e “brutal facts”?,2,0,0,0.7849,,,"SELECT COUNT(iu.id) AS total_updates_trimestre, STRING_AGG(iu.highlights, ' | ') AS todos_highlights, STRING_AGG(iu.brutal_facts, ' | ') AS todos_brutal_facts FROM initiative_update iu WHERE iu.created_date >= date_trunc('quarter', CURRENT_DATE) AND iu.created_date < date_trunc('quarter', CURRENT_DATE) + interval '3 month';","SELECT COUNT(*) AS num_updates, EXTRACT(YEAR FROM iu.created_date) AS year, EXTRACT(MONTH FROM iu.created_date) AS month, EXTRACT(QUARTER FROM iu.created_date) AS quarter, ARRAY_AGG(DISTINCT REGEXP_SPLIT_TO_TABLE(iu.highlights, ',') || ' - ' || REGEXP_SPLIT_TO_TABLE(iu.brutal_facts, ',') ORDER BY REGEXP_SPLIT_TO_TABLE(iu.highlights, ',') || ' - ' || REGEXP_SPLIT_TO_TABLE(iu.brutal_facts)) AS highlights_brutal_facts FROM initiative_update iu JOIN initiative i ON iu.initiative_id = i.id WHERE EXTRACT(QUARTER FROM iu.created_date) = 3 GROUP BY year, month, quarter ORDER BY year, month, quarter;"
"Apresentar os KRs com maior desvio padrão de progresso ao longo do histórico, indicando instabilidade.",0,0,0,0.7876,0.0025,0.3951,"SELECT k.title, o.description AS okr_description, STDDEV(kh.progress / NULLIF(kh.target, 0)) AS desvio_padrao_progresso FROM kr_history kh JOIN kr k ON kh.kr_id = k.id JOIN okr o ON k.okr_id = o.id GROUP BY kh.kr_id, k.title, o.description HAVING COUNT(kh.id) > 1 ORDER BY desvio_padrao_progresso DESC;","SELECT k.id, k.title, k.direction, STDDEV(kh.progress / NULLIF(kh.target,0)) AS std_dev_progress FROM kr k JOIN kr_history kh ON k.id = kh.kr_id GROUP BY k.id, k.title, k.direction ORDER BY STDDEV(kh.progress / NULLIF(kh.target,0)) DESC LIMIT 10;"
"Comparar o progresso médio dos KRs com o progresso médio das iniciativas às quais estão vinculados, destacando as maiores variações.",2,0,0,0.6716,,,"WITH InitiativeProgress AS (SELECT i.id AS initiative_id, AVG(k.progress / NULLIF(k.target, 0)) AS avg_initiative_progress FROM initiative i JOIN okr o ON i.id = o.initiative_id JOIN kr k ON o.id = k.okr_id GROUP BY i.id), CalculatedVariance AS (SELECT k.title AS kr_title, (k.progress / NULLIF(k.target, 0)) AS kr_current_progress, ip.avg_initiative_progress, (k.progress / NULLIF(k.target, 0)) - ip.avg_initiative_progress AS progress_variance FROM kr k JOIN okr o ON k.okr_id = o.id JOIN InitiativeProgress ip ON o.initiative_id = ip.initiative_id) SELECT kr_title, kr_current_progress, avg_initiative_progress, progress_variance FROM CalculatedVariance ORDER BY ABS(progress_variance) DESC;","SELECT i.category, i.title, k.progress, k.target, kh.progress, kh.target, kh.progress / NULLIF(kh.target,0) AS kr_progress, iu.highlights / NULLIF(iu.target,0) AS initiative_progress, kh.progress - iu.highlights / NULLIF(iu.target,0) AS variação FROM initiative i JOIN initiative_update iu ON i.id = iu.initiative_id JOIN kr k ON iu.id = k.id JOIN kr_history kh ON k.id = kh.kr_id WHERE i.category IN (SELECT category FROM initiative GROUP BY category ORDER BY COUNT(*) DESC LIMIT 5) ORDER BY ABS(kh.progress - iu.highlights / NULLIF(iu.target,0)) DESC;"
Construir o ranking das categorias de iniciativa com base no progresso médio ponderado pelo número de KRs associados.,0,0,0,0.8790,0.2500,0.5645,"SELECT i.category, AVG(k.progress / NULLIF(k.target, 0)) AS weighted_average_progress, COUNT(k.id) AS total_krs FROM initiative i JOIN okr o ON i.id = o.initiative_id JOIN kr k ON o.id = k.okr_id GROUP BY i.category ORDER BY weighted_average_progress DESC;","SELECT i.category, AVG(kh.progress / NULLIF(kh.target,0)) AS avg_progress, COUNT(kh.id) AS num_krs, RANK() OVER (ORDER BY AVG(kh.progress / NULLIF(kh.target,0)) * COUNT(kh.id) DESC) AS rank FROM initiative i JOIN okr o ON i.id = o.initiative_id JOIN kr k ON o.id = k.okr_id JOIN kr_history kh ON k.id = kh.kr_id GROUP BY i.category ORDER BY rank;"
Avaliar a correlação entre o número de updates registrados em cada iniciativa e o progresso médio de seus KRs.,1,0,0,0.8134,0.0000,0.4067,"WITH InitiativeMetrics AS (SELECT i.id AS initiative_id, COUNT(iu.id) AS total_updates, (SELECT AVG(k.progress / NULLIF(k.target,0)) FROM okr o JOIN kr k ON o.id = k.okr_id WHERE o.initiative_id = i.id) AS average_kr_progress FROM initiative i LEFT JOIN initiative_update iu ON i.id = iu.initiative_id GROUP BY i.id) SELECT CORR(im.total_updates, im.average_kr_progress) AS correlation_updates_vs_progress FROM InitiativeMetrics im;","SELECT i.id, i.title, COUNT(iu.id) AS num_updates, AVG(kh.progress / NULLIF(kh.target,0)) AS avg_progress FROM initiative i JOIN initiative_update iu ON i.id = iu.initiative_id JOIN kr k ON i.id = k.okr_id JOIN kr_history kh ON k.id = kh.kr_id GROUP BY i.id, i.title ORDER BY i.id;"
Detectar iniciativas que apresentaram regressão média no progresso de KRs durante o último ciclo.,2,0,0,0.8248,,,"WITH hist AS (SELECT kh.kr_id, (kh.progress / NULLIF(kh.target,0)) AS rel, LAG(kh.progress / NULLIF(kh.target,0)) OVER (PARTITION BY kh.kr_id ORDER BY kh.date) AS prev, o.initiative_id FROM kr_history kh JOIN kr k ON kh.kr_id = k.id JOIN okr o ON k.okr_id = o.id), diffs AS (SELECT initiative_id, rel - prev AS diff FROM hist WHERE prev IS NOT NULL) SELECT i.title, AVG(diff) AS avg_regression_change FROM diffs d JOIN initiative i ON d.initiative_id = i.id GROUP BY i.id, i.title HAVING AVG(diff) < 0 ORDER BY avg_regression_change ASC;","SELECT i.title, AVG(kh.progress / NULLIF(kh.target,0)) AS avg_progress, AVG(kh.progress_prev / NULLIF(kh.target_prev,0)) AS avg_progress_prev FROM initiative i JOIN kr_history kh ON i.id = kh.okr_id JOIN kr k ON kh.kr_id = k.id WHERE kh.year_month = (SELECT MAX(year_month) FROM kr_history) AND kh.direction = 'down' GROUP BY i.id, i.title HAVING AVG(kh.progress / NULLIF(kh.target,0)) < AVG(kh.progress_prev / NULLIF(kh.target_prev,0)) ORDER BY avg_progress_prev DESC;"
Qual a distribuição de iniciativas por categoria?,0,0,0,0.7492,0.6667,0.7079,"SELECT category, COUNT(id) AS total_initiatives, CAST(COUNT(id) AS FLOAT) * 100 / (SELECT COUNT(*) FROM initiative) AS percentage FROM initiative GROUP BY category ORDER BY total_initiatives DESC;","SELECT i.category, COUNT(*) as total FROM initiative i GROUP BY i.category ORDER BY i.category;"
Quais iniciativas têm mais OKRs associados?,0,0,0,0.9104,0.2174,0.5639,"SELECT i.title, COUNT(o.id) AS total_okrs FROM initiative i LEFT JOIN okr o ON i.id = o.initiative_id GROUP BY i.id, i.title ORDER BY total_okrs DESC;","SELECT i.title, COUNT(o.id) AS num_okrs FROM initiative i JOIN okr o ON i.id = o.initiative_id GROUP BY i.id, i.title ORDER BY num_okrs DESC LIMIT 10;"
Quantas iniciativas estão em andamento neste trimestre?,0,0,0,0.8473,0.0000,0.4237,"SELECT COUNT(id) FROM initiative WHERE start_date <= date_trunc('quarter', CURRENT_DATE) + INTERVAL '3 month' - INTERVAL '1 second' AND (end_date IS NULL OR end_date >= date_trunc('quarter', CURRENT_DATE));",SELECT COUNT(*) FROM initiative WHERE start_date <= CURRENT_DATE AND end_date >= CURRENT_DATE AND start_date <= CURRENT_DATE + INTERVAL '3 month' AND end_date >= CURRENT_DATE + INTERVAL '3 month'
Quais iniciativas estão sem updates há mais de 30 dias?,0,0,0,0.8243,0.0000,0.4121,"SELECT i.title, MAX(iu.created_date) AS last_update FROM initiative i LEFT JOIN initiative_update iu ON i.id = iu.initiative_id GROUP BY i.id, i.title HAVING MAX(iu.created_date) IS NULL OR MAX(iu.created_date) < NOW() - INTERVAL '30' DAY ORDER BY last_update ASC;",SELECT i.* FROM initiative i LEFT JOIN initiative_update iu ON i.id = iu.initiative_id WHERE iu.id IS NULL AND i.last_modified_date < NOW() - INTERVAL '30 days';
"Quais iniciativas têm prioridade máxima, mas baixo progresso de OKRs?",0,0,0,0.8379,0.1667,0.5023,"SELECT i.title, i.priority, AVG(k.progress / NULLIF(k.target, 0)) AS avg_okr_progress FROM initiative i JOIN okr o ON i.id = o.initiative_id JOIN kr k ON o.id = k.okr_id WHERE i.priority = 1 GROUP BY i.id, i.title, i.priority HAVING AVG(k.progress / NULLIF(k.target, 0)) < 0.5 ORDER BY avg_okr_progress ASC;","SELECT i.title, i.priority, i.id FROM initiative i JOIN okr o ON i.id = o.initiative_id JOIN initiative_update iu ON o.id = iu.initiative_id JOIN kr k ON iu.id = k.okr_id JOIN kr_history kh ON k.id = kh.kr_id WHERE i.priority = 1 AND (kh.progress / NULLIF(kh.target,0)) < 0.5 GROUP BY i.title, i.priority, i.id ORDER BY i.priority DESC;"
Quantas iniciativas estão planejadas para começar no próximo mês?,0,0,1,0.9138,1.0000,0.9569,"SELECT COUNT(id) FROM initiative WHERE start_date >= date_trunc('month', CURRENT_DATE) + INTERVAL '1 month' AND start_date < date_trunc('month', CURRENT_DATE) + INTERVAL '2 month';",SELECT COUNT(*) FROM initiative WHERE start_date >= CURRENT_DATE AND start_date <= CURRENT_DATE + INTERVAL '1 month'
Quais iniciativas têm fim previsto antes do término de seus OKRs?,0,0,0,0.8936,0.0000,0.4468,"SELECT i.title, i.end_date, MAX(o.deadline) AS latest_okr_deadline FROM initiative i JOIN okr o ON i.id = o.initiative_id WHERE i.end_date IS NOT NULL GROUP BY i.id, i.title, i.end_date HAVING i.end_date < MAX(o.deadline);","SELECT i.title, i.end_date FROM initiative i JOIN okr o ON i.id = o.initiative_id WHERE o.deadline < i.end_date;"
Quais iniciativas têm mais de três pessoas no time?,0,0,1,0.9132,1.0000,0.9566,"SELECT i.id, i.title, COUNT(im.managers_id) AS team_size FROM initiative i JOIN initiative_managers im ON i.id = im.initiative_id GROUP BY i.id HAVING COUNT(im.managers_id) > 3","SELECT i.title, COUNT(DISTINCT im.managers_id) AS num_managers FROM initiative i JOIN initiative_managers im ON i.id = im.initiative_id GROUP BY i.id, i.title HAVING COUNT(DISTINCT im.managers_id) > 3;"
Qual é a média de duração (em dias) das iniciativas concluídas?,1,0,0,0.7932,0.0000,0.3966,SELECT AVG(EXTRACT(EPOCH FROM (end_date - start_date)) / 86400) AS average_duration_days FROM initiative WHERE end_date IS NOT NULL AND start_date IS NOT NULL;,SELECT AVG(EXTRACT(EPOCH FROM (CURRENT_DATE - i.end_date))) AS avg_duração FROM initiative i WHERE i.end_date IS NOT NULL AND i.priority = 3;
Qual percentual de iniciativas por categoria está concluído?,0,0,0,0.8310,0.2500,0.5405,"WITH InitiativeKRStatus AS (SELECT i.id AS initiative_id, i.category, CASE WHEN (k.direction = 'up'   AND k.progress / NULLIF(k.target,0) >= 1) OR (k.direction = 'down' AND k.progress / NULLIF(k.target,0) <= 1) THEN 1 ELSE 0 END AS kr_is_concluded FROM initiative i JOIN okr o ON i.id = o.initiative_id JOIN kr k ON o.id = k.okr_id) SELECT category, CAST(SUM(kr_is_concluded) AS FLOAT) * 100 / COUNT(*) AS percent_krs_concluded FROM InitiativeKRStatus GROUP BY category ORDER BY percent_krs_concluded DESC;","SELECT i.category, COUNT(i.id) AS total_initiatives, COUNT(CASE WHEN kh.progress >= 1 THEN 1 ELSE NULL END) AS completed_initiatives, ROUND((COUNT(CASE WHEN kh.progress >= 1 THEN 1 ELSE NULL END) * 100.0 / COUNT(i.id))::numeric, 2) AS completion_percentage FROM initiative i JOIN initiative_managers im ON i.id = im.initiative_id JOIN kr_history kh ON im.managers_id = kh.collaborator_id GROUP BY i.category;"
"Quais iniciativas estão com maior prioridade, mas apresentam baixo progresso ou atualizações atrasadas?",0,0,0,0.7525,0.0023,0.3774,"WITH InitiativePerformance AS (SELECT i.id AS initiative_id, i.title, i.priority, (SELECT AVG(k.progress / NULLIF(k.target,0)) FROM okr o JOIN kr k ON o.id = k.okr_id WHERE o.initiative_id = i.id) AS avg_okr_progress, (SELECT MAX(created_date) FROM initiative_update iu WHERE iu.initiative_id = i.id) AS last_update_date FROM initiative i) SELECT title, priority, avg_okr_progress, last_update_date FROM InitiativePerformance WHERE priority = 1 AND (avg_okr_progress < 0.5 OR last_update_date < NOW() - INTERVAL '30 days' OR last_update_date IS NULL) ORDER BY avg_okr_progress ASC NULLS FIRST, last_update_date ASC NULLS FIRST;","SELECT i.title, i.priority, i.last_modified_date, i.end_date, i.start_date, i.category, i.owner_id, i.description FROM initiative i JOIN initiative_update iu ON i.id = iu.initiative_id WHERE i.priority = (SELECT MAX(priority) FROM initiative) AND (iu.last_modified_date IS NULL OR iu.last_modified_date < i.start_date OR (iu.last_modified_date > i.start_date AND iu.last_modified_date < i.end_date))"
Quais KRs estão com direção “NEGATIVA” (indicando desempenho decrescente) e estão abaixo de 50% do target?,0,0,0,0.8438,0.0246,0.4342,"SELECT title, progress, target, direction FROM kr WHERE direction = 'down' AND (progress / NULLIF(target,0)) < 0.5;","SELECT k.id, k.title, k.direction, k.target, kh.progress, kh.progress / NULLIF(kh.target,0) AS kr_progress FROM kr k JOIN kr_history kh ON k.id = kh.kr_id WHERE k.direction = 'down' AND kh.progress / NULLIF(kh.target,0) < 0.5;"
Quais iniciativas apresentaram maior variação positiva de progresso nos últimos ciclos de atualização?,2,0,0,0.6305,,,"WITH NormHist AS (SELECT kh.kr_id, kh.date, (kh.progress / NULLIF(kh.target,0)) AS norm_prog FROM kr_history kh), Changes AS (SELECT nh.kr_id, nh.date, nh.norm_prog, nh.norm_prog - LAG(nh.norm_prog) OVER (PARTITION BY nh.kr_id ORDER BY nh.date) AS delta FROM NormHist nh), PosChanges AS (SELECT o.initiative_id, CASE WHEN k.direction = 'up'   AND delta > 0 THEN delta WHEN k.direction = 'down' AND delta < 0 THEN -delta END AS norm_delta FROM Changes c JOIN kr k ON c.kr_id = k.id JOIN okr o ON k.okr_id = o.id WHERE delta IS NOT NULL AND c.date >= NOW() - INTERVAL '6 month' AND ((k.direction='up' AND delta > 0) OR (k.direction='down' AND delta < 0))) SELECT i.title, AVG(pc.norm_delta) AS avg_positive_change FROM initiative i JOIN PosChanges pc ON i.id = pc.initiative_id GROUP BY i.id, i.title ORDER BY avg_positive_change DESC;","SELECT i.title, i.category, SUM(CASE WHEN kh.progress > kh.prev_progress THEN kh.progress - kh.prev_progress ELSE 0 END) AS total_progress FROM initiative i JOIN initiative_update iu ON i.id = iu.initiative_id JOIN kr_history kh ON iu.id = kh.initiative_update_id GROUP BY i.title, i.category ORDER BY total_progress DESC LIMIT 10;"
Quais colaboradores foram responsáveis pelos KRs com melhor taxa de atingimento?,0,0,0,0.8304,0.3333,0.5818,"SELECT c.name, AVG(k.progress / k.target) AS avg_achievement_rate FROM collaborator c JOIN kr_history kh ON c.id = kh.collaborator_id JOIN kr k ON kh.kr_id = k.id GROUP BY c.id, c.name HAVING COUNT(DISTINCT k.id) > 1 ORDER BY avg_achievement_rate DESC;","SELECT c.name, AVG(kh.progress / NULLIF(kh.target,0)) AS avg_progress, RANK() OVER (ORDER BY AVG(kh.progress / NULLIF(kh.target,0)) DESC) AS rank FROM collaborator c JOIN kr_history kh ON c.id = kh.collaborator_id JOIN kr k ON kh.kr_id = k.id WHERE k.direction = 'up' GROUP BY c.id, c.name ORDER BY rank;"
Quais colaboradores têm progresso médio de KRs acima da média geral dos colaboradores?,0,0,0,0.8982,1.0000,0.9491,"WITH CollaboratorAvg AS (SELECT kh.collaborator_id, AVG(kh.progress / NULLIF(kh.target,0)) AS collaborator_progress FROM kr_history kh GROUP BY kh.collaborator_id), GlobalAvg AS (SELECT AVG(progress / NULLIF(target,0)) AS global_progress FROM kr_history) SELECT c.name, ca.collaborator_progress FROM collaborator c JOIN CollaboratorAvg ca ON c.id = ca.collaborator_id CROSS JOIN GlobalAvg ga WHERE ca.collaborator_progress > ga.global_progress ORDER BY ca.collaborator_progress DESC;","SELECT c.name, AVG(kh.progress / NULLIF(kh.target,0)) AS avg_progress FROM collaborator c JOIN kr_history kh ON c.id = kh.collaborator_id GROUP BY c.id, c.name HAVING AVG(kh.progress / NULLIF(kh.target,0)) > (SELECT AVG(kh.progress / NULLIF(kh.target,0)) FROM collaborator c JOIN kr_history kh ON c.id = kh.collaborator_id);"
Quais colaboradores possuem mais KRs “bookmarked” do que a média geral de bookmarks por colaborador?,2,0,0,0.8918,,,"WITH BookmarkCount AS ( SELECT bookmarked_by_id, COUNT(id) AS total_bookmarks FROM kr WHERE bookmarked_by_id IS NOT NULL GROUP BY bookmarked_by_id ), AvgBookmarks AS ( SELECT AVG(total_bookmarks) AS global_avg FROM BookmarkCount ) SELECT c.name, bc.total_bookmarks FROM collaborator c JOIN BookmarkCount bc ON c.id = bc.bookmarked_by_id CROSS JOIN AvgBookmarks ab WHERE bc.total_bookmarks > ab.global_avg ORDER BY bc.total_bookmarks DESC;","SELECT c.name, COUNT(kh.bookmarked) AS total_bookmarks FROM collaborator c JOIN kr_history kh ON c.id = kh.collaborator_id GROUP BY c.id, c.name HAVING COUNT(kh.bookmarked) > (SELECT AVG(total_bookmarks) FROM (SELECT c.id, COUNT(kh.bookmarked) AS total_bookmarks FROM collaborator c JOIN kr_history kh ON c.id = kh.collaborator_id GROUP BY c.id) AS subquery);"
Gerar o ranking de colaboradores com maior média de progresso em KRs dentro de cada categoria de iniciativa.,0,1,1,1.0000,1.0000,1.0000,"SELECT i.category, c.name, AVG(kh.progress / NULLIF(kh.target,0)) AS avg_progress_in_category, RANK() OVER (PARTITION BY i.category ORDER BY AVG(kh.progress / NULLIF(kh.target,0)) DESC) AS rank_in_category FROM collaborator c JOIN kr_history kh ON c.id = kh.collaborator_id JOIN kr k ON kh.kr_id = k.id JOIN okr o ON k.okr_id = o.id JOIN initiative i ON o.initiative_id = i.id GROUP BY i.category, c.id, c.name ORDER BY i.category, rank_in_category;","SELECT i.category, c.name, AVG(kh.progress / NULLIF(kh.target,0)) AS avg_progress_in_category, RANK() OVER (PARTITION BY i.category ORDER BY AVG(kh.progress / NULLIF(kh.target,0)) DESC) AS rank_in_category FROM collaborator c JOIN kr_history kh ON c.id = kh.collaborator_id JOIN kr k ON kh.kr_id = k.id JOIN okr o ON k.okr_id = o.id JOIN initiative i ON o.initiative_id = i.id GROUP BY i.category, c.id, c.name ORDER BY i.category, rank_in_category;"
Selecionar colaboradores que contribuíram para KRs com progresso superior ao percentil 90 global.,0,0,0,0.8745,0.0238,0.4492,"WITH GlobalPercentile AS (SELECT PERCENTILE_CONT(0.9) WITHIN GROUP (ORDER BY (progress / NULLIF(target,0))) AS p90_progress FROM kr_history) SELECT DISTINCT c.name FROM collaborator c JOIN kr_history kh ON c.id = kh.collaborator_id CROSS JOIN GlobalPercentile gp WHERE (kh.progress / NULLIF(kh.target,0)) > gp.p90_progress;","SELECT c.name, c.email, kh.progress, kh.target, k.direction FROM collaborator c JOIN kr_history kh ON c.id = kh.collaborator_id JOIN kr k ON kh.kr_id = k.id WHERE (kh.progress / NULLIF(kh.target,0)) > (SELECT PERCENTILE_CONT(0.9) WITHIN GROUP (ORDER BY (kh2.progress / NULLIF(kh2.target,0))) FROM kr_history kh2);"
Como evoluiu o progresso médio dos KRs nos últimos 6 meses?,2,0,0,0.9145,0.2500,0.5823,"SELECT DATE_TRUNC('month', date) AS month_start, AVG(progress / NULLIF(target,0)) AS avg_monthly_progress FROM kr_history WHERE date >= DATE_TRUNC('month', NOW() - INTERVAL '6 month') AND date <= NOW() GROUP BY month_start ORDER BY month_start;","SELECT EXTRACT(YEAR FROM kh.date) AS year, EXTRACT(MONTH FROM kh.date) AS month, AVG(kh.progress / NULLIF(kh.target,0)) AS avg_progress FROM kr_history kh WHERE kh.date >= NOW() - INTERVAL '6 months' GROUP BY EXTRACT(YEAR FROM kh.date), EXTRACT(MONTH FROM kh.date) ORDER BY EXTRACT(YEAR FROM kh.date), EXTRACT(MONTH FROM kh.date) ASC;"
Qual foi a variação de progresso por colaborador no último trimestre?,2,0,0,0.7508,,,"WITH Hist AS (SELECT kh.collaborator_id, kh.kr_id, kh.date, (kh.progress / NULLIF(kh.target,0)) AS norm_prog FROM kr_history kh WHERE kh.date >= NOW() - INTERVAL '3 month'), Ranked AS (SELECT collaborator_id, kr_id, norm_prog, ROW_NUMBER() OVER (PARTITION BY collaborator_id, kr_id ORDER BY date ASC) AS rn_first, ROW_NUMBER() OVER (PARTITION BY collaborator_id, kr_id ORDER BY date DESC) AS rn_last FROM Hist), FirstLast AS (SELECT collaborator_id, kr_id, MAX(CASE WHEN rn_first = 1 THEN norm_prog END) AS first_prog, MAX(CASE WHEN rn_last = 1 THEN norm_prog END) AS last_prog FROM Ranked GROUP BY collaborator_id, kr_id) SELECT c.name, AVG(last_prog - first_prog) AS progress_change_qtr FROM collaborator c JOIN FirstLast fl ON c.id = fl.collaborator_id GROUP BY c.id, c.name ORDER BY progress_change_qtr DESC;","SELECT c.name, k.direction, (AVG(kh.progress / NULLIF(kh.target,0)) - (SELECT AVG(progress / NULLIF(target,0)) FROM kr_history WHERE EXTRACT(QUARTER FROM kh.date) = 4 AND EXTRACT(YEAR FROM kh.date) = EXTRACT(YEAR FROM NOW()))) AS progress_variation FROM collaborator c JOIN kr_history kh ON c.id = kh.collaborator_id JOIN kr k ON kh.kr_id = k.id WHERE EXTRACT(QUARTER FROM kh.date) = 4 AND EXTRACT(YEAR FROM kh.date) = EXTRACT(YEAR FROM NOW()) GROUP BY c.name, k.direction ORDER BY progress_variation DESC;"
Quantos registros de histórico de KR foram criados no último mês?,1,0,0,0.8862,1.0000,0.9431,SELECT COUNT(id) AS history_count_last_month FROM kr_history WHERE date >= NOW() - INTERVAL '1' MONTH;,SELECT COUNT(*) FROM kr_history WHERE date >= NOW() - INTERVAL '1 month'
Quais KRs apresentaram regressão de progresso em algum momento?,0,0,0,0.6168,0.0049,0.3109,"WITH Regressions AS (SELECT kr_id, (progress / NULLIF(target,0)) AS norm_progress, LAG(progress / NULLIF(target,0)) OVER (PARTITION BY kr_id ORDER BY date) AS prev_norm_progress FROM kr_history) SELECT DISTINCT k.title FROM kr k JOIN Regressions r ON k.id = r.kr_id WHERE r.norm_progress < r.prev_norm_progress;",SELECT k.* FROM kr k JOIN kr_history kh ON k.id = kh.kr_id WHERE kh.progress < (SELECT AVG(progress) FROM kr_history WHERE kr_id = k.id AND direction = 'down')
"Qual a média de variação percentual de progresso por métrica (PERC, NUMERIC, YES_NO)?",2,0,0,0.8064,,,"WITH ranked_history AS (SELECT kh.kr_id, kh.date, (kh.progress / NULLIF(kh.target,0)) AS norm_prog, k.metric, LAG(kh.progress / NULLIF(kh.target,0)) OVER (PARTITION BY kh.kr_id ORDER BY kh.date) AS prev_norm_prog FROM kr_history kh JOIN kr k ON kh.kr_id = k.id), progress_changes AS (SELECT metric, ABS(norm_prog - prev_norm_prog) / NULLIF(prev_norm_prog, 0) * 100 AS variation_percent FROM ranked_history WHERE prev_norm_prog IS NOT NULL) SELECT metric, AVG(variation_percent) AS avg_variation_percent FROM progress_changes GROUP BY metric;","SELECT k.metric, AVG(kh.progress / NULLIF(kh.target, 0)) AS avg_progress FROM kr JOIN kr_history kh ON kr.id = kh.kr_id GROUP BY k.metric ORDER BY k.metric;"
Quantos KRs tiveram histórico de progresso acima de 90% antes do prazo final?,0,0,0,0.8366,0.0000,0.4183,SELECT COUNT(DISTINCT kh.kr_id) as krs_acima_90 FROM kr_history kh JOIN kr k ON kh.kr_id = k.id JOIN okr o ON k.okr_id = o.id WHERE (kh.progress/k.target)*100 >= 90 AND kh.date < o.deadline;,"SELECT COUNT(*) FROM kr_history kh JOIN kr k ON kh.kr_id = k.id WHERE kh.progress / NULLIF(kh.target,0) > 0.9 AND kh.date < (SELECT deadline FROM initiative i JOIN okr o ON i.id = o.initiative_id WHERE o.id = k.okr_id);"
Quais colaboradores atualizaram o maior número de KRs no histórico?,2,0,0,0.8284,,,"SELECT c.id, c.name, COUNT(kh.id) as total_atualizacoes FROM collaborator c JOIN kr_history kh ON c.id = kh.collaborator_id GROUP BY c.id, c.name ORDER BY total_atualizacoes DESC LIMIT 10;","SELECT c.name, COUNT(*) AS num_krs_updated FROM collaborator c JOIN initiative_update iu ON c.id = iu.created_by JOIN initiative i ON iu.initiative_id = i.id JOIN kr_history kh ON iu.id = kh.initiative_update_id GROUP BY c.id, c.name ORDER BY COUNT(*) DESC LIMIT 1;"
Quantos updates de iniciativa foram registrados por mês neste ano?,0,0,0,0.9163,1.0000,0.9582,"SELECT EXTRACT(YEAR FROM created_date) as ano, EXTRACT(MONTH FROM created_date) as mes, COUNT(*) as total_updates FROM initiative_update WHERE EXTRACT(YEAR FROM created_date) = EXTRACT(YEAR FROM CURRENT_DATE) GROUP BY ano, mes ORDER BY ano, mes;","SELECT EXTRACT(YEAR FROM iu.created_date) AS year, EXTRACT(MONTH FROM iu.created_date) AS month, COUNT(*) AS updates FROM initiative_update iu WHERE EXTRACT(YEAR FROM iu.created_date) = EXTRACT(YEAR FROM CURRENT_DATE) GROUP BY year, month ORDER BY year, month;"
Quais iniciativas tiveram maior número de updates em um único mês?,0,0,0,0.9652,0.0400,0.5026,"SELECT i.id, i.title, EXTRACT(YEAR FROM iu.created_date) as ano, EXTRACT(MONTH FROM iu.created_date) as mes, COUNT(iu.id) as updates_mes FROM initiative i JOIN initiative_update iu ON i.id = iu.initiative_id GROUP BY i.id, i.title, ano, mes ORDER BY updates_mes DESC LIMIT 10;","SELECT i.title, COUNT(iu.id) AS num_updates, EXTRACT(YEAR FROM iu.created_date) AS year, EXTRACT(MONTH FROM iu.created_date) AS month FROM initiative i JOIN initiative_update iu ON i.id = iu.initiative_id GROUP BY i.title, EXTRACT(YEAR FROM iu.created_date), EXTRACT(MONTH FROM iu.created_date) ORDER BY num_updates DESC LIMIT 1;"
Qual o tempo médio entre updates consecutivos de uma mesma iniciativa?,2,0,0,0.8138,,,"WITH update_gaps AS (SELECT initiative_id, EXTRACT(EPOCH FROM (created_date - LAG(created_date) OVER (PARTITION BY initiative_id ORDER BY created_date))) / 86400 as dias_entre_updates FROM initiative_update) SELECT AVG(dias_entre_updates) as tempo_medio_dias FROM update_gaps WHERE dias_entre_updates IS NOT NULL;","SELECT AVG(DATEDIFF(last_modified_date, LAG(last_modified_date) OVER (PARTITION BY initiative_id ORDER BY last_modified_date))) AS avg_time_between_updates FROM initiative_update;"
"Para cada iniciativa, qual é o KR mais recente e seu progresso atual?",1,0,0,0.7917,0.2667,0.5292,"WITH ranked_krs AS (SELECT i.id as iniciativa_id, i.title as iniciativa, k.id as kr_id, k.title as kr, k.progress, k.last_modified_date, ROW_NUMBER() OVER (PARTITION BY i.id ORDER BY k.last_modified_date DESC) as rn FROM initiative i JOIN okr o ON i.id = o.initiative_id JOIN kr k ON o.id = k.okr_id) SELECT iniciativa_id, iniciativa, kr_id, kr, progress FROM ranked_krs WHERE rn = 1;","SELECT i.title, k.progress, k.target, k.direction, k.created_date AS date FROM kr k JOIN initiative i ON k.okr_id = i.id JOIN (SELECT MAX(created_date) AS max_date, okr_id FROM kr GROUP BY okr_id) m ON k.okr_id = m.okr_id AND k.created_date = m.max_date;"
Analisar a tendência de redução na frequência de updates conforme o deadline dos OKRs se aproxima.,1,0,0,0.7709,0.0683,0.4196,"SELECT i.id, i.title, o.deadline, COUNT(iu.id) as total_updates, AVG(EXTRACT(EPOCH FROM (o.deadline - iu.created_date)) / 86400) as dias_antes_prazo_medio FROM initiative i JOIN okr o ON i.id = o.initiative_id JOIN initiative_update iu ON i.id = iu.initiative_id WHERE iu.created_date <= o.deadline GROUP BY i.id, i.title, o.deadline ORDER BY dias_antes_prazo_medio;","WITH okr_updates AS (SELECT o.deadline, COUNT(iu.initiative_id) AS num_updates FROM initiative_update iu JOIN okr o ON iu.initiative_id = o.id GROUP BY o.deadline) SELECT deadline, num_updates, LAG(num_updates) OVER (ORDER BY deadline) AS prev_num_updates, num_updates - LAG(num_updates) OVER (ORDER BY deadline) AS diff FROM okr_updates ORDER BY deadline"
Listar KRs com lacunas maiores que 30 dias entre atualizações de progresso,2,0,0,0.6157,,,"WITH kr_update_gaps AS (SELECT kh.kr_id, k.title as kr_title, kh.date as current_date, LAG(kh.date) OVER (PARTITION BY kh.kr_id ORDER BY kh.date) as previous_date, EXTRACT(EPOCH FROM (kh.date - LAG(kh.date) OVER (PARTITION BY kh.kr_id ORDER BY kh.date))) / 86400 as dias_entre_atualizacoes FROM kr_history kh JOIN kr k ON kh.kr_id = k.id) SELECT kr_id, kr_title, previous_date, current_date, dias_entre_atualizacoes FROM kr_update_gaps WHERE dias_entre_atualizacoes > 30 ORDER BY dias_entre_atualizacoes DESC;",SELECT k.* FROM kr k JOIN kr_history kh ON k.id = kh.kr_id WHERE kh.date > kh.created_at + INTERVAL '30 day' GROUP BY k.id HAVING COUNT(kh.date) > 1;
Quais OKRs estão com prazo próximo do vencimento?,1,0,0,0.5613,0.0000,0.2806,"SELECT id, deadline FROM okr WHERE deadline BETWEEN NOW() AND NOW() + INTERVAL '7 days' ORDER BY deadline ASC;","SELECT i.title, i.end_date FROM initiative i JOIN okr o ON i.id = o.initiative_id WHERE o.deadline > NOW() - INTERVAL '1 month' AND o.deadline < NOW() + INTERVAL '1 month' ORDER BY o.deadline;"
Qual é a média de progresso dos KRs em cada OKR?,2,0,0,0.8326,0.3408,0.5867,"SELECT okr_id, AVG(progress / NULLIF(target, 0)) AS avg_progress FROM kr GROUP BY okr_id;","SELECT o.id, o.description, AVG(kh.progress / NULLIF(kh.target,0)) AS avg_progress FROM okr o JOIN kr ON o.id = kr.okr_id JOIN kr_history kh ON kr.id = kh.kr_id GROUP BY o.id, o.description ORDER BY o.id;"
Quais OKRs têm menor progresso médio?,2,0,0,0.8185,,,"SELECT okr_id, AVG(progress / NULLIF(target, 0)) AS avg_progress FROM kr GROUP BY okr_id ORDER BY avg_progress ASC LIMIT 5;","SELECT o.id, i.title, AVG(kh.progress / NULLIF(kh.target,0)) AS avg_progress FROM okr o JOIN initiative i ON o.initiative_id = i.id JOIN initiative_update iu ON i.id = iu.initiative_id JOIN kr k ON iu.id = k.okr_id JOIN kr_history kh ON k.id = kh.kr_id GROUP BY o.id ORDER BY avg_progress ASC LIMIT 10;"
Qual é o percentual de KRs concluídos por iniciativa?,0,0,0,0.8845,0.0000,0.4423,"SELECT i.id AS initiative_id, SUM(CASE WHEN (k.direction = 'up'  AND k.progress / NULLIF(k.target,0) >= 1) OR (k.direction = 'down' AND k.progress / NULLIF(k.target,0) <= 1) THEN 1 ELSE 0 END) * 100.0 / COUNT(k.id) AS percent_completed FROM initiative i JOIN okr o ON o.initiative_id = i.id JOIN kr k ON k.okr_id = o.id GROUP BY i.id;","SELECT i.title, COUNT(CASE WHEN kh.progress >= 1.0 THEN 1 ELSE NULL END) * 100.0 / COUNT(kh.id) AS percentagem_concluidos FROM initiative i JOIN okr o ON i.id = o.initiative_id JOIN kr k ON o.id = k.okr_id JOIN kr_history kh ON k.id = kh.kr_id GROUP BY i.title;"
Qual o tempo médio restante até o deadline dos OKRs ativos?,2,0,0,0.9132,,,SELECT AVG(EXTRACT(EPOCH FROM (deadline - NOW())) / 86400) AS avg_days_remaining FROM okr WHERE deadline > NOW();,SELECT AVG(EXTRACT(EPOCH FROM (deadline - CURRENT_TIMESTAMP)) AS avg_time_remaining FROM okr WHERE id IN (SELECT id FROM okr WHERE active IS TRUE);
Quais OKRs estão vinculados a iniciativas que já encerraram?,1,0,0,0.9214,0.3045,0.6129,"SELECT o.id AS okr_id, o.initiative_id, i.end_date FROM okr o JOIN initiative i ON o.initiative_id = i.id WHERE i.end_date IS NOT NULL AND i.end_date < NOW();","SELECT o.id, o.description AS okr_title, i.id AS initiative_id, i.title AS initiative_title, i.end_date FROM okr o JOIN initiative i ON o.initiative_id = i.id WHERE i.end_date IS NOT NULL;"
Quantos KRs estão atrasados em relação à meta planejada?,2,0,0,0.6634,,,"SELECT COUNT(*) AS delayed_kr_count FROM kr k JOIN kr_history kh ON kh.kr_id = k.id AND kh.date = (SELECT MAX(h.date) FROM kr_history h WHERE h.kr_id = k.id) WHERE (k.direction = 'up'  AND k.progress / NULLIF(k.target,0) < 1) OR (k.direction = 'down' AND k.progress / NULLIF(k.target,0) > 1);",SELECT COUNT(*) FROM kr WHERE (SELECT EXTRACT(EPOCH FROM (NOW() AT TIME ZONE 'UTC' - okr.deadline) / INTERVAL '1 day') * 86400) > 0 AND kr.direction = 'down'
Qual o progresso médio dos KRs de tipo “PERC” em comparação aos de tipo “NUMERIC”?,0,0,1,0.9675,1.0000,0.9837,"SELECT metric, AVG(progress / NULLIF(target, 0)) AS avg_progress FROM kr WHERE metric IN ('PERC', 'NUMERIC') GROUP BY metric;","SELECT metric, AVG(progress / NULLIF(target,0)) AS avg_progress FROM kr WHERE metric IN ('PERC', 'NUMERIC') GROUP BY metric ORDER BY metric;"
Quais OKRs têm maior número de KRs associados?,1,0,0,0.7092,0.0000,0.3546,"SELECT okr_id, COUNT(*) AS kr_count FROM kr GROUP BY okr_id ORDER BY kr_count DESC LIMIT 5;","SELECT o.id, o.description, COUNT(k.id) AS num_krs FROM okr o JOIN initiative i ON o.initiative_id = i.id JOIN initiative_managers im ON i.id = im.initiative_id JOIN initiative_update iu ON i.id = iu.initiative_id JOIN kr k ON o.id = k.okr_id GROUP BY o.id, o.description ORDER BY COUNT(k.id) DESC LIMIT 1;"
Qual o percentual de KRs marcados como “bookmarked” pelos colaboradores?,0,0,0,0.7962,0.0000,0.3981,SELECT COUNT(*) FILTER (WHERE bookmarked) * 100.0 / COUNT(*) AS percent_bookmarked FROM kr;,SELECT CAST(SUM(CASE WHEN k.bookmarked THEN 1 ELSE 0 END) AS FLOAT) * 100 / COUNT(k.id) AS bookmarked_percentage FROM kr k
Qual é o percentual médio de progresso dos KRs (Key Results) em relação às metas estabelecidas nos últimos três meses?,0,0,0,0.9081,0.0000,0.4541,"SELECT AVG(kh.progress / NULLIF(k.target, 0)) * 100 AS avg_progress_percent FROM kr k JOIN kr_history kh ON kh.kr_id = k.id WHERE kh.date >= NOW() - INTERVAL '3 months';","SELECT AVG(kh.progress / NULLIF(kh.target,0)) AS avg_progress FROM kr_history kh JOIN kr k ON kh.kr_id = k.id WHERE kh.date >= NOW() - INTERVAL '3 month' AND k.direction = 'up' OR k.direction = 'down'"
Quais colaboradores têm mais KRs marcados como “bookmarked” (favoritos) e demonstram maior engajamento com os objetivos da empresa?,1,0,0,0.7742,0.1333,0.4537,"SELECT c.id, c.name, COUNT(k.id) AS bookmarked_kr_count FROM collaborator c JOIN kr k ON k.bookmarked_by_id = c.id AND k.bookmarked = true GROUP BY c.id, c.name ORDER BY bookmarked_kr_count DESC LIMIT 10;","SELECT c.name, COUNT(kh.id) AS num_bookmarked_krs, AVG(kh.progress / NULLIF(kh.target,0)) AS avg_progress FROM collaborator c JOIN kr_history kh ON c.id = kh.collaborator_id JOIN kr k ON kh.kr_id = k.id WHERE k.bookmarked = TRUE GROUP BY c.id, c.name ORDER BY avg_progress DESC LIMIT 10;"
Qual é o tempo médio entre a criação de um OKR e a primeira atualização de progresso registrada?,0,0,0,0.8470,0.0000,0.4235,"SELECT AVG(EXTRACT(EPOCH FROM (kh.first_update - o.created_date)) / 86400) AS avg_days_to_first_update FROM okr o JOIN (SELECT k.okr_id, MIN(kh.date) AS first_update FROM kr k JOIN kr_history kh ON kh.kr_id = k.id GROUP BY k.okr_id) kh ON kh.okr_id = o.id;",SELECT AVG(EXTRACT(EPOCH FROM (iu.last_modified_date - o.created_date))) AS avg_time_between_okr_creation_and_first_update FROM okr o JOIN initiative_update iu ON o.id = iu.initiative_id WHERE iu.id IN (SELECT MIN(id) FROM initiative_update WHERE initiative_id = o.id) AND o.created_date < iu.last_modified_date;
Quantos OKRs estão próximos do prazo final (deadline) e ainda não atingiram 80% de progresso?,2,0,0,0.5568,,,"SELECT COUNT(*) AS okrs_near_deadline_low_progress FROM ( SELECT o.id FROM okr o JOIN kr k ON k.okr_id = o.id WHERE o.deadline BETWEEN NOW() AND NOW() + INTERVAL '7 days' GROUP BY o.id HAVING AVG(k.progress / NULLIF(k.target, 0)) < 0.8 ) sub;",SELECT COUNT(*) FROM initiative i JOIN okr o ON i.id = o.initiative_id JOIN initiative_update iu ON o.id = iu.initiative_id WHERE iu.year_month - iu.created_date <= INTERVAL '1 month' AND iu.progress < 0.8;
Quais iniciativas possuem OKRs cujo progresso médio supera o progresso médio global de todas as iniciativas da mesma categoria?,2,0,0,0.9091,,,"WITH initiative_avg AS (SELECT i.id, i.category, AVG(k.progress / NULLIF(k.target, 0)) AS avg_progress FROM initiative i JOIN okr o ON o.initiative_id = i.id JOIN kr k ON k.okr_id = o.id GROUP BY i.id, i.category), category_avg AS (SELECT category, AVG(avg_progress) AS category_avg_progress FROM initiative_avg GROUP BY category) SELECT ia.id, ia.category, ia.avg_progress FROM initiative_avg ia JOIN category_avg ca ON ia.category = ca.category WHERE ia.avg_progress > ca.category_avg_progress;","SELECT i.category, i.title, AVG(kh.progress / NULLIF(kh.target,0)) AS avg_progress_in_initiative, AVG(kh.progress / NULLIF(kh.target,0)) OVER (PARTITION BY i.category) AS avg_progress_in_category FROM initiative i JOIN okr o ON i.id = o.initiative_id JOIN kr k ON o.id = k.okr_id JOIN kr_history kh ON k.id = kh.kr_id GROUP BY i.category, i.id, i.title HAVING AVG(kh.progress / NULLIF(kh.target,0)) > (SELECT AVG(kh.progress / NULLIF(kh.target,0)) FROM kr_history kh JOIN kr k ON kh.kr_id = k.id JOIN okr o ON k.okr_id = o.id JOIN initiative i ON o.initiative_id = i.id GROUP BY i.category)"
Qual colaborador teve o maior aumento percentual de progresso médio de KRs entre o último e o penúltimo mês?,2,0,0,0.8577,,,"WITH monthly_progress AS (SELECT collaborator_id, DATE_TRUNC('month', date) AS month, AVG(progress / NULLIF(target, 0)) AS avg_progress FROM kr_history GROUP BY collaborator_id, month), ranked_progress AS (SELECT *, ROW_NUMBER() OVER (PARTITION BY collaborator_id ORDER BY month DESC) AS rn FROM monthly_progress), last_two_months AS (SELECT p1.collaborator_id, p1.avg_progress AS last_month_progress, p2.avg_progress AS prev_month_progress, CASE WHEN p2.avg_progress = 0 THEN NULL ELSE ((p1.avg_progress - p2.avg_progress) / p2.avg_progress) * 100 END AS pct_increase FROM ranked_progress p1 JOIN ranked_progress p2 ON p1.collaborator_id = p2.collaborator_id WHERE p1.rn = 1 AND p2.rn = 2) SELECT collaborator_id, pct_increase FROM last_two_months ORDER BY pct_increase DESC LIMIT 1;","SELECT c.name, c.id, (AVG(kh.progress / NULLIF(kh.target,0)) - LAG(AVG(kh.progress / NULLIF(kh.target,0))) OVER (PARTITION BY c.id ORDER BY kh.date ROWS BETWEEN 1 PRECEDING AND 1 PRECEDING)) / LAG(AVG(kh.progress / NULLIF(kh.target,0))) OVER (PARTITION BY c.id ORDER BY kh.date ROWS BETWEEN 1 PRECEDING AND 1 PRECEDING) AS progress_increase FROM collaborator c JOIN kr_history kh ON c.id = kh.collaborator_id WHERE EXTRACT(MONTH FROM kh.date) IN (EXTRACT(MONTH FROM (CURRENT_DATE - INTERVAL '1 month')), EXTRACT(MONTH FROM (CURRENT_DATE - INTERVAL '2 month'))) GROUP BY c.name, c.id ORDER BY progress_increase DESC LIMIT 1;"
Quais iniciativas tiveram pelo menos um KR com progresso superior a 100% em algum ponto do histórico?,2,0,0,0.8458,,,"SELECT DISTINCT i.id, i.title FROM initiative i JOIN okr o ON o.initiative_id = i.id JOIN kr k ON k.okr_id = o.id JOIN kr_history kh ON kh.kr_id = k.id WHERE kh.progress / NULLIF(kh.target, 0) > 1;","SELECT i.id, i.title FROM initiative i JOIN initiative_update iu ON i.id = iu.initiative_id JOIN kr_history kh ON iu.id = kh.initiative_id WHERE kh.progress > 100 GROUP BY i.id, i.title;"
Qual é o tempo médio (em dias) entre atualizações consecutivas de um mesmo KR no histórico?,2,0,0,0.8544,,,"WITH diffs AS (SELECT kr_id, date, LEAD(date) OVER (PARTITION BY kr_id ORDER BY date) AS next_date FROM kr_history) SELECT AVG(EXTRACT(EPOCH FROM (next_date - date)) / 86400) AS avg_days_between_updates FROM diffs WHERE next_date IS NOT NULL;",SELECT AVG(EXTRACT(EPOCH FROM (kh2.created_date - kh1.created_date)) / 86400) AS avg_time_between_updates FROM kr_history kh1 JOIN kr_history kh2 ON kh1.kr_id = kh2.kr_id AND kh1.id < kh2.id
Quais iniciativas têm pelo menos dois OKRs com deadlines no mesmo mês?,1,0,0,0.8397,0.0000,0.4198,"SELECT initiative_id FROM okr GROUP BY initiative_id, DATE_TRUNC('month', deadline) HAVING COUNT(*) >= 2;","SELECT i.id, i.title, i.end_date AS deadline FROM initiative i JOIN okr o ON i.id = o.initiative_id WHERE EXTRACT(MONTH FROM o.deadline) = EXTRACT(MONTH FROM i.end_date) GROUP BY i.id, i.title, i.end_date HAVING COUNT(DISTINCT o.id) >= 2;"
Qual é a distribuição percentual de KRs por tipo de métrica dentro de cada iniciativa?,2,0,0,0.8866,,,"WITH kr_counts AS (SELECT i.id AS initiative_id, k.metric, COUNT(*) AS count FROM initiative i JOIN okr o ON o.initiative_id = i.id JOIN kr k ON k.okr_id = o.id GROUP BY i.id, k.metric), initiative_totals AS (SELECT initiative_id, SUM(count) AS total FROM kr_counts GROUP BY initiative_id) SELECT kc.initiative_id, kc.metric, (kc.count::float / it.total) * 100 AS percent FROM kr_counts kc JOIN initiative_totals it ON kc.initiative_id = it.initiative_id ORDER BY kc.initiative_id, percent DESC;","SELECT i.title, k.metric, COUNT(kr.id) AS total_krs, ROUND(COUNT(kr.id) * 100.0 / (SELECT COUNT(*) FROM kr WHERE okr_id = o.id), 2) AS percent_total FROM initiative i JOIN okr o ON i.id = o.initiative_id JOIN kr k ON o.id = k.okr_id GROUP BY i.title, k.metric ORDER BY i.title, k.metric;"
Listar os KRs cujo progresso atual está abaixo da média dos KRs do mesmo tipo e direção.,1,0,0,0.9295,0.0000,0.4647,"WITH avg_progress AS (SELECT metric, direction, AVG(progress / NULLIF(target, 0)) AS avg_progress FROM kr GROUP BY metric, direction) SELECT k.* FROM kr k JOIN avg_progress ap ON k.metric = ap.metric AND k.direction = ap.direction WHERE (k.progress / NULLIF(k.target, 0)) < ap.avg_progress;","SELECT k.* FROM kr k JOIN (SELECT id, direction, metric, AVG(progress / NULLIF(target,0)) AS avg_progress FROM kr GROUP BY id, direction, metric) AS kr_avg ON k.id = kr_avg.id WHERE (k.direction = 'up' AND k.progress / NULLIF(k.target,0) < kr_avg.avg_progress) OR (k.direction = 'down' AND k.progress / NULLIF(k.target,0) > kr_avg.avg_progress);"
"Identificar iniciativas que mantêm registros de atualização em meses consecutivos, sem interrupções.",2,0,0,0.7596,,,"WITH updates_months AS (SELECT initiative_id, DATE_TRUNC('month', created_date) AS month FROM initiative_update GROUP BY initiative_id, month), consecutive AS (SELECT initiative_id, month, LAG(month) OVER (PARTITION BY initiative_id ORDER BY month) AS prev_month FROM updates_months), gaps AS (SELECT initiative_id, COUNT(*) FILTER (WHERE prev_month IS NOT NULL AND month - INTERVAL '1 month' <> prev_month) AS gap_count, COUNT(month) AS total_months FROM consecutive GROUP BY initiative_id) SELECT initiative_id FROM gaps WHERE gap_count = 0 AND total_months > 1;","SELECT i.id, i.title, i.category FROM initiative i JOIN initiative_update u ON i.id = u.initiative_id WHERE u.year_month >= (SELECT MAX(u2.year_month) - INTERVAL '1 month' FROM initiative_update u2 WHERE u2.initiative_id = i.id) GROUP BY i.id, i.title, i.category HAVING COUNT(DISTINCT EXTRACT(YEAR FROM u.year_month) * 100 + EXTRACT(MONTH FROM u.year_month)) = (SELECT MAX(u2.year_month) - INTERVAL '1 month' + EXTRACT(YEAR FROM (SELECT MIN(u2.year_month) FROM initiative_update u2 WHERE u2.initiative_id = i.id)) * 100 + EXTRACT(MONTH FROM (SELECT MIN(u2.year_month) FROM initiative_update u2 WHERE u2.initiative_id = i.id)) + 1) AND (SELECT MAX(u2.year_month) - INTERVAL '1 month' + EXTRACT(YEAR FROM (SELECT MIN(u2.year_month) FROM initiative_update u2 WHERE u2.initiative_id = i.id)) * 100 + EXTRACT(MONTH FROM (SELECT MIN(u2.year_month) FROM initiative_update u2 WHERE u2.initiative_id = i.id)) + 1) > 1"
"Calcular a taxa média de crescimento mensal do progresso dos KRs, segmentada por tipo de métrica.",2,0,0,0.8609,0.0004,0.4307,"WITH monthly_kr_progress AS (SELECT kr_id, metric, DATE_TRUNC('month', date) AS month, AVG(progress / NULLIF(target,0)) AS avg_progress FROM kr_history GROUP BY kr_id, metric, month), monthly_growth AS (SELECT kr_id, metric, month, avg_progress, LAG(avg_progress) OVER (PARTITION BY kr_id ORDER BY month) AS prev_avg_progress FROM monthly_kr_progress), growth_rate AS (SELECT metric, AVG(CASE WHEN prev_avg_progress IS NOT NULL THEN (avg_progress - prev_avg_progress) / NULLIF(prev_avg_progress,0) ELSE NULL END) AS avg_monthly_growth_rate FROM monthly_growth GROUP BY metric) SELECT metric, avg_monthly_growth_rate FROM growth_rate;","SELECT k.metric, EXTRACT(MONTH FROM kh.date) AS month, EXTRACT(YEAR FROM kh.date) AS year, AVG(kh.progress / NULLIF(kh.target,0)) AS avg_progress, AVG(kh.progress / NULLIF(kh.target,0)) - LAG(AVG(kh.progress / NULLIF(kh.target,0)), 1, 0) OVER (PARTITION BY k.metric ORDER BY kh.date) AS monthly_growth FROM kr_history kh JOIN kr k ON kh.kr_id = k.id GROUP BY k.metric, EXTRACT(MONTH FROM kh.date), EXTRACT(YEAR FROM kh.date), kh.date ORDER BY k.metric, year, month;"
Detectar iniciativas que apresentaram regressão média no progresso de seus KRs durante o último ciclo de atualização.,2,0,0,0.7598,,,"WITH last_two_updates AS (SELECT kh.kr_id, i.id AS initiative_id, kh.date, ROW_NUMBER() OVER (PARTITION BY kh.kr_id ORDER BY kh.date DESC) AS rn, kh.progress / NULLIF(k.target, 0) AS relative_progress FROM kr_history kh JOIN kr k ON kh.kr_id = k.id JOIN okr o ON k.okr_id = o.id JOIN initiative i ON o.initiative_id = i.id), progress_diff AS (SELECT a.initiative_id, AVG(a.relative_progress - b.relative_progress) AS avg_progress_change FROM last_two_updates a JOIN last_two_updates b ON a.kr_id = b.kr_id AND a.rn = 1 AND b.rn = 2 GROUP BY a.initiative_id) SELECT initiative_id FROM progress_diff WHERE avg_progress_change < 0;","WITH kr_history AS (SELECT kr_id, initiative_id, progress, target, created_date, direction FROM kr_history WHERE created_date BETWEEN CURRENT_DATE - INTERVAL '1 year' AND CURRENT_DATE), regressao_krs AS (SELECT initiative_id, AVG(CASE WHEN direction = 'down' THEN (progress / NULLIF(target, 0)) ELSE 0 END) - AVG(CASE WHEN direction = 'up' THEN (progress / NULLIF(target, 0)) ELSE 0 END) AS media_regressao FROM kr_history GROUP BY initiative_id), regressao_initiatives AS (SELECT i.id, i.title, r.media_regressao FROM initiative i JOIN regressao_krs r ON i.id = r.initiative_id WHERE r.media_regressao IS NOT NULL AND r.media_regressao < 0) SELECT * FROM regressao_initiatives ORDER BY media_regressao DESC;"
"Apontar iniciativas cujos OKRs estão vencidos, mas cujo progresso médio permanece abaixo de 80%.",2,0,0,0.8832,,,"SELECT i.id AS initiative_id FROM initiative i JOIN okr o ON o.initiative_id = i.id JOIN kr k ON k.okr_id = o.id WHERE o.deadline < NOW() GROUP BY i.id HAVING AVG(k.progress / NULLIF(k.target, 0)) < 0.8;","SELECT i.id, i.title, AVG(kh.progress / NULLIF(kh.target,0)) AS avg_progress FROM initiative i JOIN okr o ON i.id = o.initiative_id JOIN kr k ON o.id = k.okr_id JOIN kr_history kh ON k.id = kh.kr_id WHERE o.end_date <= CURRENT_DATE AND AVG(kh.progress / NULLIF(kh.target,0)) < 0.8 GROUP BY i.id, i.title HAVING COUNT(DISTINCT kh.id) > 0;"
Identificar KRs com direção “NEGATIVA” que mantêm melhora contínua e atingem o target definido.,0,0,0,0.7194,0.0381,0.3787,"WITH kr_direction AS (SELECT k.id AS kr_id, k.target, k.direction FROM kr k WHERE k.direction = 'down'), history AS (SELECT kh.kr_id, kh.date, (kh.progress / NULLIF(kd.target, 0)) AS relative_progress, LAG(kh.progress / NULLIF(kd.target, 0)) OVER (PARTITION BY kh.kr_id ORDER BY kh.date) AS prev_progress FROM kr_history kh JOIN kr_direction kd ON kd.kr_id = kh.kr_id), fully_improving AS (SELECT kr_id FROM history GROUP BY kr_id HAVING COUNT(*) FILTER (WHERE prev_progress IS NOT NULL AND relative_progress >= prev_progress) = COUNT(*) - 1), achieved AS (SELECT kr_id FROM (SELECT kh.kr_id, (kh.progress / NULLIF(k.target,0)) AS relative_progress, ROW_NUMBER() OVER (PARTITION BY kh.kr_id ORDER BY kh.date DESC) AS rn FROM kr_history kh JOIN kr k ON k.id = kh.kr_id WHERE k.direction = 'down') last_value WHERE rn = 1 AND relative_progress <= 1) SELECT DISTINCT kr_id FROM fully_improving JOIN achieved USING(kr_id);","SELECT k.id, k.progress, k.target, k.direction, i.title FROM kr k JOIN initiative i ON k.okr_id = i.id WHERE k.direction = 'down' AND k.progress = k.target AND k.progress / k.target = 1.0;"